"Genus","log2FC","p_value","p_adjusted","sig"
"1-68",-1.07437548980946,2.54296583955055e-30,4.60483003378072e-30,"Enriched_Normal"
"Acidisphaera",-1.73802440633275,1.70160534923587e-47,3.67766317415494e-47,"Enriched_Normal"
"Acinetobacter",-3.1101588662189,3.61577416385924e-18,5.38348597730153e-18,"Enriched_Normal"
"Actinobacillus",-1.07068242359037,2.61789465370038e-28,4.49740876404937e-28,"Enriched_Normal"
"Actinomyces",-1.15077156479019,8.8263829519513e-28,1.47841914445184e-27,"Enriched_Normal"
"Albidovulum",-3.16895648843296,3.91541186954254e-84,1.74888396839567e-83,"Enriched_Normal"
"Alloiococcus",-1.32339081767449,3.90943585259665e-30,6.89295268747304e-30,"Enriched_Normal"
"Anaerosinus",-0.765223617825739,3.17629961001205e-14,4.17278576217269e-14,"Enriched_Normal"
"Atopobium",-0.348052207009682,6.46361177164296e-06,7.09937686393572e-06,"Enriched_Normal"
"Atopostipes",-4.49762818317617,4.3459701293097e-74,1.61766665924306e-73,"Enriched_Normal"
"Bacillus",-0.781644553326439,3.52391878331873e-14,4.54043381696836e-14,"Enriched_Normal"
"Bacteroides",-1.87282480675544,2.67902765191993e-56,7.80412402950588e-56,"Enriched_Normal"
"Bergeyella",4.09745022632578,8.36453284615718e-181,2.47295122320405e-179,"Enriched_Tumor"
"Bordetella",-1.8586522674334,5.47436576845242e-16,7.64130221846483e-16,"Enriched_Normal"
"Brevundimonas",-5.17385535598799,2.81620299313591e-94,1.57238000450088e-93,"Enriched_Normal"
"Bulleidia",-0.883500548057901,1.76227427088754e-22,2.74586921277826e-22,"Enriched_Normal"
"Campylobacter",-0.165915552329934,0.324461379994758,0.32937746150983,"NS"
"Capnocytophaga",-3.92183986293881,2.15576790496011e-79,9.02727810202047e-79,"Enriched_Normal"
"Catenibacterium",-1.09352466439644,1.58787750899409e-08,1.86645251057201e-08,"Enriched_Normal"
"Catonella",-0.367414571792444,0.560392937325512,0.560392937325512,"NS"
"Clostridium",4.0358005630638,4.8277737367648e-180,8.08652100908104e-179,"Enriched_Tumor"
"Collinsella",-1.91026128866917,1.09527033841103e-52,2.71789306198292e-52,"Enriched_Normal"
"Coprococcus",0.275761670008094,4.3434715218224e-15,5.93903248902247e-15,"Enriched_Tumor"
"Dietzia",-3.43213597794271,2.42557040278549e-76,9.55960099921342e-76,"Enriched_Normal"
"Faecalibacterium",-1.74517712565658,4.74391063516348e-52,1.09600693984811e-51,"Enriched_Normal"
"Fibrobacter",-0.133112576958847,2.84447187213543e-05,3.07386476504958e-05,"Enriched_Normal"
"Filifactor",-0.513954698825551,7.35704379866496e-12,9.30041385868966e-12,"Enriched_Normal"
"Helcobacillus",-6.02176896821763,3.40232551756571e-110,2.53284232974336e-109,"Enriched_Normal"
"Helicobacter",-0.210763385337497,7.55648408799623e-74,2.66465491524078e-73,"Enriched_Normal"
"Lachnoanaerobaculum",0.904125371785964,1.87929569793912e-54,5.03651247047684e-54,"Enriched_Tumor"
"Lactobacillus",0.85777216267632,3.08062811488052e-42,6.07064952049985e-42,"Enriched_Tumor"
"Leifsonia",-2.50607405667486,1.39558158352625e-120,1.16879957620323e-119,"Enriched_Normal"
"Leptotrichia",0.161674189618772,4.88074303420175e-06,5.54253869985622e-06,"Enriched_Tumor"
"Marmoricola",-0.140842154082389,6.06287067869042e-06,6.77020559120431e-06,"Enriched_Normal"
"Massilia",-0.0721616334122125,0.00150600602134582,0.0015766000535964,"Enriched_Normal"
"Methylobacterium",-9.82706916285409,1.00150344195267e-109,6.71007306108287e-109,"Enriched_Normal"
"Micrococcus",-5.72747338924095,6.56934196450001e-109,4.00132646928637e-108,"Enriched_Normal"
"Mitsuokella",-1.95271352759781,8.51170898559822e-49,1.90094834011694e-48,"Enriched_Normal"
"Moryella",-1.35076053460034,1.79526887094439e-11,2.22746322876433e-11,"Enriched_Normal"
"Neisseria",-1.20802380099015,3.00145382217101e-39,5.74564017387023e-39,"Enriched_Normal"
"Nitrobacter",-4.19395495625231,1.2044569888414e-91,5.76418701802669e-91,"Enriched_Normal"
"Novosphingobium",-2.50998005916499,6.26367307249969e-53,1.61410036868261e-52,"Enriched_Normal"
"Odoribacter",-1.32106453983794,3.15139780176391e-45,6.59823914744319e-45,"Enriched_Normal"
"Oribacterium",-1.24019283075781,2.15194598607178e-18,3.27682684242749e-18,"Enriched_Normal"
"Ornithinimicrobium",-3.6568275993293,1.26306485084215e-63,4.23126725032121e-63,"Enriched_Normal"
"Paraprevotella",-2.39370403252375,3.66022170048985e-52,8.75838764045785e-52,"Enriched_Normal"
"Parvimonas",5.14891052259253,1.25944892232164e-179,1.687661555911e-178,"Enriched_Tumor"
"Pediococcus",-0.39029459815858,5.21140071909261e-15,6.9832769635841e-15,"Enriched_Normal"
"Peptococcus",1.03053655886065,3.25837527827205e-55,9.09629765184281e-55,"Enriched_Tumor"
"Peptostreptococcus",-0.263144733411367,0.00483941874892037,0.00498832394119485,"Enriched_Normal"
"Porphyromonas",-0.960434867200448,2.54616517130433e-16,3.70854492342152e-16,"Enriched_Normal"
"Prevotella",-0.466986252573912,1.78573019375394e-10,2.17534405420934e-10,"Enriched_Normal"
"Raphanus",-0.184259726537896,3.41218065501157e-07,3.94165696354785e-07,"Enriched_Normal"
"Rickettsia",1.07837838001462,4.99660215201488e-93,2.57517187834613e-92,"Enriched_Tumor"
"Roseburia",-3.17752308376605,7.3824521523516e-62,2.35535378194075e-61,"Enriched_Normal"
"Rothia",-1.68332245260406,5.17421053717122e-43,1.05052153330446e-42,"Enriched_Normal"
"Ruminococcus",-2.2468476844071,1.15042069789513e-58,3.50355394358972e-58,"Enriched_Normal"
"Selenomonas",0.594075801168628,2.84227815950561e-24,4.53411039730657e-24,"Enriched_Tumor"
"Serpens",-2.27933331780989,1.43066369062833e-34,2.66262409089161e-34,"Enriched_Normal"
"Slackia",2.2654171477662,2.81465416447162e-161,2.69402612885141e-160,"Enriched_Tumor"
"Sphingomonas",9.66269911463908,1.23823646061303e-184,8.29618428610729e-183,"Enriched_Tumor"
"Streptobacillus",-0.893863458377236,2.87031424864172e-16,4.09172456721267e-16,"Enriched_Normal"
"Streptococcus",-0.510825730338297,2.43557598276761e-10,2.91399269366839e-10,"Enriched_Normal"
"TG5",3.02874756780084,7.21934659974022e-175,8.06160370304324e-174,"Enriched_Tumor"
"Treponema",6.17460677146783,1.10729159247942e-180,2.47295122320405e-179,"Enriched_Tumor"
"Vestibaculum",-0.776970329570956,0.00131675303158831,0.00140035639867329,"Enriched_Normal"
"[Prevotella]",-0.933906949903513,1.46452987720122e-27,2.39325614079224e-27,"Enriched_Normal"
